"filename", "language", "C++", "XML", "Markdown", "Log", "JSON with Comments", "Python", "Lua", "Java", "C", "Toc", "HTML", "JavaScript", "Batch", "comment", "blank", "total"
"c:\Users\Zhao Yufeng\Documents\VSCode\C++\ConsoleApplication2\ConsoleApplication2.cpp", "C++", 22, 0, 0, 0, 0, 0, 0, 0, 0, 0, 0, 0, 0, 0, 6, 28
"c:\Users\Zhao Yufeng\Documents\VSCode\C++\ConsoleApplication2\huffdecode.h", "C++", 115, 0, 0, 0, 0, 0, 0, 0, 0, 0, 0, 0, 0, 8, 21, 144
"c:\Users\Zhao Yufeng\Documents\VSCode\C++\ConsoleApplication2\huffencode.h", "C++", 103, 0, 0, 0, 0, 0, 0, 0, 0, 0, 0, 0, 0, 10, 13, 126
"c:\Users\Zhao Yufeng\Documents\VSCode\C++\ConsoleApplication2\huffman.h", "C++", 23, 0, 0, 0, 0, 0, 0, 0, 0, 0, 0, 0, 0, 4, 6, 33
"c:\Users\Zhao Yufeng\Documents\VSCode\C++\ConsoleApplication2\hufftree.h", "C++", 106, 0, 0, 0, 0, 0, 0, 0, 0, 0, 0, 0, 0, 1, 9, 116
"c:\Users\Zhao Yufeng\Documents\VSCode\C++\ConsoleApplication2\unused\ConsoleApplication2.vcxproj", "XML", 0, 165, 0, 0, 0, 0, 0, 0, 0, 0, 0, 0, 0, 0, 0, 165
"c:\Users\Zhao Yufeng\Documents\VSCode\C++\DataVisualization\DataVisual\DataVisual\DataVisual.vcxproj", "XML", 0, 134, 0, 0, 0, 0, 0, 0, 0, 0, 0, 0, 0, 0, 0, 134
"c:\Users\Zhao Yufeng\Documents\VSCode\C++\DataVisualization\DataVisual\DataVisual\Debug\DataVisual.Build.CppClean.log", "Log", 0, 0, 0, 16, 0, 0, 0, 0, 0, 0, 0, 0, 0, 0, 1, 17
"c:\Users\Zhao Yufeng\Documents\VSCode\C++\DataVisualization\DataVisual\DataVisual\Debug\DataVisual.log", "Log", 0, 0, 0, 12, 0, 0, 0, 0, 0, 0, 0, 0, 0, 0, 3, 15
"c:\Users\Zhao Yufeng\Documents\VSCode\C++\DataVisualization\DataVisual\DataVisual\Debug\vc.nativecodeanalysis.all.xml", "XML", 0, 1, 0, 0, 0, 0, 0, 0, 0, 0, 0, 0, 0, 0, 0, 1
"c:\Users\Zhao Yufeng\Documents\VSCode\C++\DataVisualization\DataVisual\DataVisual\Debug\源.nativecodeanalysis.xml", "XML", 0, 2, 0, 0, 0, 0, 0, 0, 0, 0, 0, 0, 0, 0, 0, 2
"c:\Users\Zhao Yufeng\Documents\VSCode\C++\DataVisualization\DataVisual\DataVisual\Release\DataVisual.log", "Log", 0, 0, 0, 19, 0, 0, 0, 0, 0, 0, 0, 0, 0, 0, 3, 22
"c:\Users\Zhao Yufeng\Documents\VSCode\C++\DataVisualization\DataVisual\DataVisual\chainDraw.h", "C++", 57, 0, 0, 0, 0, 0, 0, 0, 0, 0, 0, 0, 0, 0, 5, 62
"c:\Users\Zhao Yufeng\Documents\VSCode\C++\DataVisualization\DataVisual\DataVisual\functionDraw.cpp", "C++", 232, 0, 0, 0, 0, 0, 0, 0, 0, 0, 0, 0, 0, 0, 23, 255
"c:\Users\Zhao Yufeng\Documents\VSCode\C++\DataVisualization\DataVisual\DataVisual\functionDraw.h", "C++", 359, 0, 0, 0, 0, 0, 0, 0, 0, 0, 0, 0, 0, 4, 42, 405
"c:\Users\Zhao Yufeng\Documents\VSCode\C++\DataVisualization\DataVisual\DataVisual\test.cpp", "C++", 0, 0, 0, 0, 0, 0, 0, 0, 0, 0, 0, 0, 0, 34, 0, 34
"c:\Users\Zhao Yufeng\Documents\VSCode\C++\DataVisualization\DataVisual\DataVisual\vectorDraw.h", "C++", 132, 0, 0, 0, 0, 0, 0, 0, 0, 0, 0, 0, 0, 0, 17, 149
"c:\Users\Zhao Yufeng\Documents\VSCode\C++\DataVisualization\DataVisual\DataVisual\源.cpp", "C++", 26, 0, 0, 0, 0, 0, 0, 0, 0, 0, 0, 0, 0, 39, 8, 73
"c:\Users\Zhao Yufeng\Documents\VSCode\C++\LEXUESJJG\1.cpp", "C++", 8, 0, 0, 0, 0, 0, 0, 0, 0, 0, 0, 0, 0, 0, 1, 9
"c:\Users\Zhao Yufeng\Documents\VSCode\C++\LEXUESJJG\10.cpp", "C++", 26, 0, 0, 0, 0, 0, 0, 0, 0, 0, 0, 0, 0, 2, 6, 34
"c:\Users\Zhao Yufeng\Documents\VSCode\C++\LEXUESJJG\11.cpp", "C++", 126, 0, 0, 0, 0, 0, 0, 0, 0, 0, 0, 0, 0, 0, 13, 139
"c:\Users\Zhao Yufeng\Documents\VSCode\C++\LEXUESJJG\12.cpp", "C++", 49, 0, 0, 0, 0, 0, 0, 0, 0, 0, 0, 0, 0, 7, 9, 65
"c:\Users\Zhao Yufeng\Documents\VSCode\C++\LEXUESJJG\13.cpp", "C++", 33, 0, 0, 0, 0, 0, 0, 0, 0, 0, 0, 0, 0, 0, 3, 36
"c:\Users\Zhao Yufeng\Documents\VSCode\C++\LEXUESJJG\14.cpp", "C++", 105, 0, 0, 0, 0, 0, 0, 0, 0, 0, 0, 0, 0, 1, 17, 123
"c:\Users\Zhao Yufeng\Documents\VSCode\C++\LEXUESJJG\15.cpp", "C++", 50, 0, 0, 0, 0, 0, 0, 0, 0, 0, 0, 0, 0, 0, 3, 53
"c:\Users\Zhao Yufeng\Documents\VSCode\C++\LEXUESJJG\16.cpp", "C++", 64, 0, 0, 0, 0, 0, 0, 0, 0, 0, 0, 0, 0, 1, 4, 69
"c:\Users\Zhao Yufeng\Documents\VSCode\C++\LEXUESJJG\17.cpp", "C++", 90, 0, 0, 0, 0, 0, 0, 0, 0, 0, 0, 0, 0, 10, 16, 116
"c:\Users\Zhao Yufeng\Documents\VSCode\C++\LEXUESJJG\18.cpp", "C++", 58, 0, 0, 0, 0, 0, 0, 0, 0, 0, 0, 0, 0, 0, 5, 63
"c:\Users\Zhao Yufeng\Documents\VSCode\C++\LEXUESJJG\19.cpp", "C++", 91, 0, 0, 0, 0, 0, 0, 0, 0, 0, 0, 0, 0, 0, 5, 96
"c:\Users\Zhao Yufeng\Documents\VSCode\C++\LEXUESJJG\2.cpp", "C++", 34, 0, 0, 0, 0, 0, 0, 0, 0, 0, 0, 0, 0, 0, 4, 38
"c:\Users\Zhao Yufeng\Documents\VSCode\C++\LEXUESJJG\20.cpp", "C++", 71, 0, 0, 0, 0, 0, 0, 0, 0, 0, 0, 0, 0, 0, 5, 76
"c:\Users\Zhao Yufeng\Documents\VSCode\C++\LEXUESJJG\21.cpp", "C++", 46, 0, 0, 0, 0, 0, 0, 0, 0, 0, 0, 0, 0, 0, 5, 51
"c:\Users\Zhao Yufeng\Documents\VSCode\C++\LEXUESJJG\22xuxigou.cpp", "C++", 34, 0, 0, 0, 0, 0, 0, 0, 0, 0, 0, 0, 0, 0, 8, 42
"c:\Users\Zhao Yufeng\Documents\VSCode\C++\LEXUESJJG\23zhegexiedeNB.cpp", "C++", 71, 0, 0, 0, 0, 0, 0, 0, 0, 0, 0, 0, 0, 8, 13, 92
"c:\Users\Zhao Yufeng\Documents\VSCode\C++\LEXUESJJG\24.cpp", "C++", 23, 0, 0, 0, 0, 0, 0, 0, 0, 0, 0, 0, 0, 0, 2, 25
"c:\Users\Zhao Yufeng\Documents\VSCode\C++\LEXUESJJG\25listbanzi.cpp", "C++", 224, 0, 0, 0, 0, 0, 0, 0, 0, 0, 0, 0, 0, 0, 22, 246
"c:\Users\Zhao Yufeng\Documents\VSCode\C++\LEXUESJJG\26banzi2.0.cpp", "C++", 253, 0, 0, 0, 0, 0, 0, 0, 0, 0, 0, 0, 0, 0, 24, 277
"c:\Users\Zhao Yufeng\Documents\VSCode\C++\LEXUESJJG\27.cpp", "C++", 118, 0, 0, 0, 0, 0, 0, 0, 0, 0, 0, 0, 0, 0, 13, 131
"c:\Users\Zhao Yufeng\Documents\VSCode\C++\LEXUESJJG\28.cpp", "C++", 112, 0, 0, 0, 0, 0, 0, 0, 0, 0, 0, 0, 0, 1, 14, 127
"c:\Users\Zhao Yufeng\Documents\VSCode\C++\LEXUESJJG\29.cpp", "C++", 94, 0, 0, 0, 0, 0, 0, 0, 0, 0, 0, 0, 0, 9, 12, 115
"c:\Users\Zhao Yufeng\Documents\VSCode\C++\LEXUESJJG\3.cpp", "C++", 18, 0, 0, 0, 0, 0, 0, 0, 0, 0, 0, 0, 0, 0, 1, 19
"c:\Users\Zhao Yufeng\Documents\VSCode\C++\LEXUESJJG\30.cpp", "C++", 168, 0, 0, 0, 0, 0, 0, 0, 0, 0, 0, 0, 0, 11, 20, 199
"c:\Users\Zhao Yufeng\Documents\VSCode\C++\LEXUESJJG\4.cpp", "C++", 33, 0, 0, 0, 0, 0, 0, 0, 0, 0, 0, 0, 0, 0, 4, 37
"c:\Users\Zhao Yufeng\Documents\VSCode\C++\LEXUESJJG\5.cpp", "C++", 54, 0, 0, 0, 0, 0, 0, 0, 0, 0, 0, 0, 0, 0, 8, 62
"c:\Users\Zhao Yufeng\Documents\VSCode\C++\LEXUESJJG\6inp.cpp", "C++", 44, 0, 0, 0, 0, 0, 0, 0, 0, 0, 0, 0, 0, 0, 6, 50
"c:\Users\Zhao Yufeng\Documents\VSCode\C++\LEXUESJJG\7.cpp", "C++", 44, 0, 0, 0, 0, 0, 0, 0, 0, 0, 0, 0, 0, 0, 6, 50
"c:\Users\Zhao Yufeng\Documents\VSCode\C++\LEXUESJJG\8.cpp", "C++", 57, 0, 0, 0, 0, 0, 0, 0, 0, 0, 0, 0, 0, 0, 7, 64
"c:\Users\Zhao Yufeng\Documents\VSCode\C++\LEXUESJJG\9.cpp", "C++", 32, 0, 0, 0, 0, 0, 0, 0, 0, 0, 0, 0, 0, 0, 7, 39
"c:\Users\Zhao Yufeng\Documents\VSCode\C++\MPEAutoDataAnaly\MPEAutoDataAnaly\Debug\MPEAutoDataAnaly.Build.CppClean.log", "Log", 0, 0, 0, 12, 0, 0, 0, 0, 0, 0, 0, 0, 0, 0, 1, 13
"c:\Users\Zhao Yufeng\Documents\VSCode\C++\MPEAutoDataAnaly\MPEAutoDataAnaly\Debug\MPEAutoDataAnaly.log", "Log", 0, 0, 0, 8, 0, 0, 0, 0, 0, 0, 0, 0, 0, 0, 3, 11
"c:\Users\Zhao Yufeng\Documents\VSCode\C++\MPEAutoDataAnaly\MPEAutoDataAnaly\MPEAutoDataAnaly.vcxproj", "XML", 0, 135, 0, 0, 0, 0, 0, 0, 0, 0, 0, 0, 0, 0, 0, 135
"c:\Users\Zhao Yufeng\Documents\VSCode\C++\MPEAutoDataAnaly\MPEAutoDataAnaly\expr.h", "C++", 54, 0, 0, 0, 0, 0, 0, 0, 0, 0, 0, 0, 0, 0, 4, 58
"c:\Users\Zhao Yufeng\Documents\VSCode\C++\MPEAutoDataAnaly\MPEAutoDataAnaly\functionDraw.h", "C++", 447, 0, 0, 0, 0, 0, 0, 0, 0, 0, 0, 0, 0, 3, 51, 501
"c:\Users\Zhao Yufeng\Documents\VSCode\C++\MPEAutoDataAnaly\MPEAutoDataAnaly\linearAnalysis.h", "C++", 69, 0, 0, 0, 0, 0, 0, 0, 0, 0, 0, 0, 0, 0, 9, 78
"c:\Users\Zhao Yufeng\Documents\VSCode\C++\MPEAutoDataAnaly\MPEAutoDataAnaly\message.h", "C++", 4, 0, 0, 0, 0, 0, 0, 0, 0, 0, 0, 0, 0, 0, 1, 5
"c:\Users\Zhao Yufeng\Documents\VSCode\C++\MPEAutoDataAnaly\MPEAutoDataAnaly\smooth.h", "C++", 71, 0, 0, 0, 0, 0, 0, 0, 0, 0, 0, 0, 0, 0, 9, 80
"c:\Users\Zhao Yufeng\Documents\VSCode\C++\MPEAutoDataAnaly\MPEAutoDataAnaly\test.cpp", "C++", 7, 0, 0, 0, 0, 0, 0, 0, 0, 0, 0, 0, 0, 0, 1, 8
"c:\Users\Zhao Yufeng\Documents\VSCode\C++\MPEAutoDataAnaly\README.md", "Markdown", 0, 0, 4, 0, 0, 0, 0, 0, 0, 0, 0, 0, 0, 0, 5, 9
"c:\Users\Zhao Yufeng\Documents\VSCode\C++\MPEforVS2019\MPE\MPE\Debug\MPE.Build.CppClean.log", "Log", 0, 0, 0, 12, 0, 0, 0, 0, 0, 0, 0, 0, 0, 0, 1, 13
"c:\Users\Zhao Yufeng\Documents\VSCode\C++\MPEforVS2019\MPE\MPE\Debug\MPE.log", "Log", 0, 0, 0, 50, 0, 0, 0, 0, 0, 0, 0, 0, 0, 0, 1, 51
"c:\Users\Zhao Yufeng\Documents\VSCode\C++\MPEforVS2019\MPE\MPE\MPE.vcxproj", "XML", 0, 155, 0, 0, 0, 0, 0, 0, 0, 0, 0, 0, 0, 0, 0, 155
"c:\Users\Zhao Yufeng\Documents\VSCode\C++\MPEforVS2019\MPE\MPE\Release\MPE.Build.CppClean.log", "Log", 0, 0, 0, 13, 0, 0, 0, 0, 0, 0, 0, 0, 0, 0, 1, 14
"c:\Users\Zhao Yufeng\Documents\VSCode\C++\MPEforVS2019\MPE\MPE\Release\MPE.log", "Log", 0, 0, 0, 55, 0, 0, 0, 0, 0, 0, 0, 0, 0, 0, 1, 56
"c:\Users\Zhao Yufeng\Documents\VSCode\C++\MPEforVS2019\MPE\MPE\expr.h", "C++", 310, 0, 0, 0, 0, 0, 0, 0, 0, 0, 0, 0, 0, 0, 19, 329
"c:\Users\Zhao Yufeng\Documents\VSCode\C++\MPEforVS2019\MPE\MPE\functionDraw.h", "C++", 551, 0, 0, 0, 0, 0, 0, 0, 0, 0, 0, 0, 0, 29, 54, 634
"c:\Users\Zhao Yufeng\Documents\VSCode\C++\MPEforVS2019\MPE\MPE\linearAnalysis.h", "C++", 69, 0, 0, 0, 0, 0, 0, 0, 0, 0, 0, 0, 0, 0, 9, 78
"c:\Users\Zhao Yufeng\Documents\VSCode\C++\MPEforVS2019\MPE\MPE\majorProcess.cpp", "C++", 68, 0, 0, 0, 0, 0, 0, 0, 0, 0, 0, 0, 0, 0, 2, 70
"c:\Users\Zhao Yufeng\Documents\VSCode\C++\MPEforVS2019\MPE\MPE\message.h", "C++", 18, 0, 0, 0, 0, 0, 0, 0, 0, 0, 0, 0, 0, 0, 4, 22
"c:\Users\Zhao Yufeng\Documents\VSCode\C++\MPEforVS2019\MPE\MPE\smooth.h", "C++", 135, 0, 0, 0, 0, 0, 0, 0, 0, 0, 0, 0, 0, 0, 14, 149
"c:\Users\Zhao Yufeng\Documents\VSCode\C++\MPEforVS2019\README.md", "Markdown", 0, 0, 1, 0, 0, 0, 0, 0, 0, 0, 0, 0, 0, 0, 0, 1
"c:\Users\Zhao Yufeng\Documents\VSCode\C++\MPEforVS2019\run.cmd", "Batch", 0, 0, 0, 0, 0, 0, 0, 0, 0, 0, 0, 0, 3, 0, 0, 3
"c:\Users\Zhao Yufeng\Documents\VSCode\C++\compressRe\Untitled-1.cpp", "C++", 21, 0, 0, 0, 0, 0, 0, 0, 0, 0, 0, 0, 0, 0, 2, 23
"c:\Users\Zhao Yufeng\Documents\VSCode\C++\compressRe\comdecode.h", "C++", 95, 0, 0, 0, 0, 0, 0, 0, 0, 0, 0, 0, 0, 0, 6, 101
"c:\Users\Zhao Yufeng\Documents\VSCode\C++\compressRe\comencode.h", "C++", 106, 0, 0, 0, 0, 0, 0, 0, 0, 0, 0, 0, 0, 0, 6, 112
"c:\Users\Zhao Yufeng\Documents\VSCode\C++\compressRe\filemerge.h", "C++", 64, 0, 0, 0, 0, 0, 0, 0, 0, 0, 0, 0, 0, 0, 6, 70
"c:\Users\Zhao Yufeng\Documents\VSCode\C++\compressRe\test.cpp", "C++", 9, 0, 0, 0, 0, 0, 0, 0, 0, 0, 0, 0, 0, 0, 1, 10
"c:\Users\Zhao Yufeng\Documents\VSCode\C++\compressRe\treenode.h", "C++", 64, 0, 0, 0, 0, 0, 0, 0, 0, 0, 0, 0, 0, 0, 5, 69
"c:\Users\Zhao Yufeng\Documents\VSCode\C++\lexicalAnalysis\ComplierBase.h", "C++", 38, 0, 0, 0, 0, 0, 0, 0, 0, 0, 0, 0, 0, 0, 6, 44
"c:\Users\Zhao Yufeng\Documents\VSCode\C++\lexicalAnalysis\lexer.cpp", "C++", 20, 0, 0, 0, 0, 0, 0, 0, 0, 0, 0, 0, 0, 0, 5, 25
"c:\Users\Zhao Yufeng\Documents\VSCode\C++\lexicalAnalysis\lexer.h", "C++", 24, 0, 0, 0, 0, 0, 0, 0, 0, 0, 0, 0, 0, 0, 4, 28
"c:\Users\Zhao Yufeng\Documents\VSCode\C++\lexicalAnalysis\test.cpp", "C++", 3, 0, 0, 0, 0, 0, 0, 0, 0, 0, 0, 0, 0, 0, 2, 5
"c:\Users\Zhao Yufeng\Documents\VSCode\C++\lexicalAnalysis\token.h", "C++", 65, 0, 0, 0, 0, 0, 0, 0, 0, 0, 0, 0, 0, 0, 5, 70
"c:\Users\Zhao Yufeng\Documents\VSCode\C++\practice\1.cpp", "C++", 16, 0, 0, 0, 0, 0, 0, 0, 0, 0, 0, 0, 0, 0, 2, 18
"c:\Users\Zhao Yufeng\Documents\VSCode\C++\practice\2.cpp", "C++", 9, 0, 0, 0, 0, 0, 0, 0, 0, 0, 0, 0, 0, 0, 1, 10
"c:\Users\Zhao Yufeng\Documents\VSCode\C++\practice\FFzuidaliu.cpp", "C++", 68, 0, 0, 0, 0, 0, 0, 0, 0, 0, 0, 0, 0, 0, 8, 76
"c:\Users\Zhao Yufeng\Documents\VSCode\C++\practice\MonotonePriorityStack.cpp", "C++", 29, 0, 0, 0, 0, 0, 0, 0, 0, 0, 0, 0, 0, 0, 4, 33
"c:\Users\Zhao Yufeng\Documents\VSCode\C++\practice\PrimA.cpp", "C++", 40, 0, 0, 0, 0, 0, 0, 0, 0, 0, 0, 0, 0, 0, 3, 43
"c:\Users\Zhao Yufeng\Documents\VSCode\C++\practice\allocator.cpp", "C++", 3, 0, 0, 0, 0, 0, 0, 0, 0, 0, 0, 0, 0, 0, 2, 5
"c:\Users\Zhao Yufeng\Documents\VSCode\C++\practice\arrayList.cpp", "C++", 123, 0, 0, 0, 0, 0, 0, 0, 0, 0, 0, 0, 0, 0, 15, 138
"c:\Users\Zhao Yufeng\Documents\VSCode\C++\practice\binarySearch.cpp", "C++", 45, 0, 0, 0, 0, 0, 0, 0, 0, 0, 0, 0, 0, 0, 6, 51
"c:\Users\Zhao Yufeng\Documents\VSCode\C++\practice\binaryTree0.1.cpp", "C++", 75, 0, 0, 0, 0, 0, 0, 0, 0, 0, 0, 0, 0, 9, 10, 94
"c:\Users\Zhao Yufeng\Documents\VSCode\C++\practice\chain.cpp", "C++", 177, 0, 0, 0, 0, 0, 0, 0, 0, 0, 0, 0, 0, 0, 19, 196
"c:\Users\Zhao Yufeng\Documents\VSCode\C++\practice\circle.cpp", "C++", 22, 0, 0, 0, 0, 0, 0, 0, 0, 0, 0, 0, 0, 0, 2, 24
"c:\Users\Zhao Yufeng\Documents\VSCode\C++\practice\duobianxnei.cpp", "C++", 49, 0, 0, 0, 0, 0, 0, 0, 0, 0, 0, 0, 0, 0, 5, 54
"c:\Users\Zhao Yufeng\Documents\VSCode\C++\practice\dxc.cpp", "C++", 15, 0, 0, 0, 0, 0, 0, 0, 0, 0, 0, 0, 0, 0, 2, 17
"c:\Users\Zhao Yufeng\Documents\VSCode\C++\practice\hashtable.cpp", "C++", 17, 0, 0, 0, 0, 0, 0, 0, 0, 0, 0, 0, 0, 0, 3, 20
"c:\Users\Zhao Yufeng\Documents\VSCode\C++\practice\include.cpp", "C++", 9, 0, 0, 0, 0, 0, 0, 0, 0, 0, 0, 0, 0, 0, 2, 11
"c:\Users\Zhao Yufeng\Documents\VSCode\C++\practice\kruskal.cpp", "C++", 72, 0, 0, 0, 0, 0, 0, 0, 0, 0, 0, 0, 0, 0, 8, 80
"c:\Users\Zhao Yufeng\Documents\VSCode\C++\practice\list0.11.cpp", "C++", 230, 0, 0, 0, 0, 0, 0, 0, 0, 0, 0, 0, 0, 3, 21, 254
"c:\Users\Zhao Yufeng\Documents\VSCode\C++\practice\queue.cpp", "C++", 94, 0, 0, 0, 0, 0, 0, 0, 0, 0, 0, 0, 0, 0, 10, 104
"c:\Users\Zhao Yufeng\Documents\VSCode\C++\practice\queue0.1.cpp", "C++", 88, 0, 0, 0, 0, 0, 0, 0, 0, 0, 0, 0, 0, 2, 10, 100
"c:\Users\Zhao Yufeng\Documents\VSCode\C++\practice\queuelist0.1.cpp", "C++", 102, 0, 0, 0, 0, 0, 0, 0, 0, 0, 0, 0, 0, 3, 12, 117
"c:\Users\Zhao Yufeng\Documents\VSCode\C++\practice\stack.cpp", "C++", 71, 0, 0, 0, 0, 0, 0, 0, 0, 0, 0, 0, 0, 0, 9, 80
"c:\Users\Zhao Yufeng\Documents\VSCode\C++\practice\stackandqueue.cpp", "C++", 136, 0, 0, 0, 0, 0, 0, 0, 0, 0, 0, 0, 0, 0, 18, 154
"c:\Users\Zhao Yufeng\Documents\VSCode\C++\practice\stacklist0.1.cpp", "C++", 95, 0, 0, 0, 0, 0, 0, 0, 0, 0, 0, 0, 0, 2, 12, 109
"c:\Users\Zhao Yufeng\Documents\VSCode\C++\practice\stacklist0.11.cpp", "C++", 102, 0, 0, 0, 0, 0, 0, 0, 0, 0, 0, 0, 0, 3, 13, 118
"c:\Users\Zhao Yufeng\Documents\VSCode\C++\practice\struct point{.cpp", "C++", 32, 0, 0, 0, 0, 0, 0, 0, 0, 0, 0, 0, 0, 0, 6, 38
"c:\Users\Zhao Yufeng\Documents\VSCode\C++\practice\tlsf.cpp", "C++", 55, 0, 0, 0, 0, 0, 0, 0, 0, 0, 0, 0, 0, 0, 7, 62
"c:\Users\Zhao Yufeng\Documents\VSCode\C++\practice\tree0.1.cpp", "C++", 198, 0, 0, 0, 0, 0, 0, 0, 0, 0, 0, 0, 0, 31, 15, 244
"c:\Users\Zhao Yufeng\Documents\VSCode\C++\practice\treenode.h", "C++", 60, 0, 0, 0, 0, 0, 0, 0, 0, 0, 0, 0, 0, 0, 5, 65
"c:\Users\Zhao Yufeng\Documents\VSCode\C++\practice\trycatch.cpp", "C++", 16, 0, 0, 0, 0, 0, 0, 0, 0, 0, 0, 0, 0, 0, 2, 18
"c:\Users\Zhao Yufeng\Documents\VSCode\C++\snake\snake.h", "C++", 39, 0, 0, 0, 0, 0, 0, 0, 0, 0, 0, 0, 0, 0, 4, 43
"c:\Users\Zhao Yufeng\Documents\VSCode\C\C_playing\Untitled-1.c", "C", 0, 0, 0, 0, 0, 0, 0, 0, 29, 0, 0, 0, 0, 0, 1, 30
"c:\Users\Zhao Yufeng\Documents\VSCode\C\C_playing\Untitled-2.c", "C", 0, 0, 0, 0, 0, 0, 0, 0, 10, 0, 0, 0, 0, 0, 1, 11
"c:\Users\Zhao Yufeng\Documents\VSCode\C\C_playing\tcs\MAIN.c", "C", 0, 0, 0, 0, 0, 0, 0, 0, 12, 0, 0, 0, 0, 0, 3, 15
"c:\Users\Zhao Yufeng\Documents\VSCode\C\C_playing\tcs\fxxking.h", "C++", 202, 0, 0, 0, 0, 0, 0, 0, 0, 0, 0, 0, 0, 0, 33, 235
"c:\Users\Zhao Yufeng\Documents\VSCode\C\C_practice\DSbanzi\stack.c", "C", 0, 0, 0, 0, 0, 0, 0, 0, 20, 0, 0, 0, 0, 0, 3, 23
"c:\Users\Zhao Yufeng\Documents\VSCode\C\C_practice\Untitled-1.c", "C", 0, 0, 0, 0, 0, 0, 0, 0, 31, 0, 0, 0, 0, 0, 3, 34
"c:\Users\Zhao Yufeng\Documents\VSCode\C\C_practice\lianbiao.c", "C", 0, 0, 0, 0, 0, 0, 0, 0, 89, 0, 0, 0, 0, 0, 13, 102
"c:\Users\Zhao Yufeng\Documents\VSCode\C\C_practice\prac1.c", "C", 0, 0, 0, 0, 0, 0, 0, 0, 63, 0, 0, 0, 0, 0, 8, 71
"c:\Users\Zhao Yufeng\Documents\VSCode\HTML\1.html", "HTML", 0, 0, 0, 0, 0, 0, 0, 0, 0, 0, 10, 0, 0, 0, 0, 10
"c:\Users\Zhao Yufeng\Documents\VSCode\HTML\JavaScript\1.js", "JavaScript", 0, 0, 0, 0, 0, 0, 0, 0, 0, 0, 0, 1, 0, 0, 0, 1
"c:\Users\Zhao Yufeng\Documents\VSCode\JAVA\abs.java", "Java", 0, 0, 0, 0, 0, 0, 0, 6, 0, 0, 0, 0, 0, 0, 1, 7
"c:\Users\Zhao Yufeng\Documents\VSCode\Projects\WowInterface\real\CTNmain.lua", "Lua", 0, 0, 0, 0, 0, 0, 101, 0, 0, 0, 0, 0, 0, 4, 13, 118
"c:\Users\Zhao Yufeng\Documents\VSCode\Projects\WowInterface\real\CoolingTimeNoti.toc", "Toc", 0, 0, 0, 0, 0, 0, 0, 0, 0, 1, 0, 0, 0, 7, 1, 9
"c:\Users\Zhao Yufeng\Documents\VSCode\Python\1.py", "Python", 0, 0, 0, 0, 0, 8, 0, 0, 0, 0, 0, 0, 0, 0, 2, 10
"c:\Users\Zhao Yufeng\Documents\VSCode\Python\NLP\default.code-workspace", "JSON with Comments", 0, 0, 0, 0, 10, 0, 0, 0, 0, 0, 0, 0, 0, 0, 0, 10
"c:\Users\Zhao Yufeng\Documents\VSCode\Python\NLP\dict.py", "Python", 0, 0, 0, 0, 0, 67, 0, 0, 0, 0, 0, 0, 0, 1, 7, 75
"c:\Users\Zhao Yufeng\Documents\VSCode\Python\NLP\trie.py", "Python", 0, 0, 0, 0, 0, 0, 0, 0, 0, 0, 0, 0, 0, 0, 1, 1
"c:\Users\Zhao Yufeng\Documents\VSCode\Python\sort.py", "Python", 0, 0, 0, 0, 0, 142, 0, 0, 0, 0, 0, 0, 0, 0, 16, 158
"c:\Users\Zhao Yufeng\Documents\VSCode\README.md", "Markdown", 0, 0, 0, 0, 0, 0, 0, 0, 0, 0, 0, 0, 0, 0, 1, 1
"c:\Users\Zhao Yufeng\Documents\VSCode\VSCode default.code-workspace", "JSON with Comments", 0, 0, 0, 0, 151, 0, 0, 0, 0, 0, 0, 0, 0, 0, 0, 151
"c:\Users\Zhao Yufeng\Documents\VSCode\lua\1.lua", "Lua", 0, 0, 0, 0, 0, 0, 11, 0, 0, 0, 0, 0, 0, 0, 1, 12
"c:\Users\Zhao Yufeng\Documents\VSCode\problems\codeforces\contest\1432\A.cpp", "C++", 22, 0, 0, 0, 0, 0, 0, 0, 0, 0, 0, 0, 0, 8, 2, 32
"c:\Users\Zhao Yufeng\Documents\VSCode\problems\codeforces\contest\1432\B.cpp", "C++", 50, 0, 0, 0, 0, 0, 0, 0, 0, 0, 0, 0, 0, 8, 2, 60
"c:\Users\Zhao Yufeng\Documents\VSCode\problems\leetcode\08.11.cpp", "C++", 25, 0, 0, 0, 0, 0, 0, 0, 0, 0, 0, 0, 0, 8, 3, 36
"c:\Users\Zhao Yufeng\Documents\VSCode\problems\leetcode\1.cpp", "C++", 20, 0, 0, 0, 0, 0, 0, 0, 0, 0, 0, 0, 0, 8, 1, 29
"c:\Users\Zhao Yufeng\Documents\VSCode\problems\leetcode\1.py", "Python", 0, 0, 0, 0, 0, 15, 0, 0, 0, 0, 0, 0, 0, 0, 1, 16
"c:\Users\Zhao Yufeng\Documents\VSCode\problems\leetcode\100.cpp", "C++", 23, 0, 0, 0, 0, 0, 0, 0, 0, 0, 0, 0, 0, 0, 2, 25
"c:\Users\Zhao Yufeng\Documents\VSCode\problems\leetcode\1004.cpp", "C++", 25, 0, 0, 0, 0, 0, 0, 0, 0, 0, 0, 0, 0, 0, 2, 27
"c:\Users\Zhao Yufeng\Documents\VSCode\problems\leetcode\1005.cpp", "C++", 17, 0, 0, 0, 0, 0, 0, 0, 0, 0, 0, 0, 0, 0, 1, 18
"c:\Users\Zhao Yufeng\Documents\VSCode\problems\leetcode\101.cpp", "C++", 31, 0, 0, 0, 0, 0, 0, 0, 0, 0, 0, 0, 0, 0, 2, 33
"c:\Users\Zhao Yufeng\Documents\VSCode\problems\leetcode\1018.py", "Python", 0, 0, 0, 0, 0, 12, 0, 0, 0, 0, 0, 0, 0, 0, 1, 13
"c:\Users\Zhao Yufeng\Documents\VSCode\problems\leetcode\102.cpp", "C++", 32, 0, 0, 0, 0, 0, 0, 0, 0, 0, 0, 0, 0, 0, 3, 35
"c:\Users\Zhao Yufeng\Documents\VSCode\problems\leetcode\1020.cpp", "C++", 31, 0, 0, 0, 0, 0, 0, 0, 0, 0, 0, 0, 0, 0, 1, 32
"c:\Users\Zhao Yufeng\Documents\VSCode\problems\leetcode\1021.cpp", "C++", 22, 0, 0, 0, 0, 0, 0, 0, 0, 0, 0, 0, 0, 0, 2, 24
"c:\Users\Zhao Yufeng\Documents\VSCode\problems\leetcode\104.cpp", "C++", 31, 0, 0, 0, 0, 0, 0, 0, 0, 0, 0, 0, 0, 0, 3, 34
"c:\Users\Zhao Yufeng\Documents\VSCode\problems\leetcode\105.cpp", "C++", 29, 0, 0, 0, 0, 0, 0, 0, 0, 0, 0, 0, 0, 0, 2, 31
"c:\Users\Zhao Yufeng\Documents\VSCode\problems\leetcode\106.cpp", "C++", 2, 0, 0, 0, 0, 0, 0, 0, 0, 0, 0, 0, 0, 0, 0, 2
"c:\Users\Zhao Yufeng\Documents\VSCode\problems\leetcode\106.py", "Python", 0, 0, 0, 0, 0, 18, 0, 0, 0, 0, 0, 0, 0, 0, 2, 20
"c:\Users\Zhao Yufeng\Documents\VSCode\problems\leetcode\107.py", "Python", 0, 0, 0, 0, 0, 25, 0, 0, 0, 0, 0, 0, 0, 0, 2, 27
"c:\Users\Zhao Yufeng\Documents\VSCode\problems\leetcode\1078.cpp", "C++", 19, 0, 0, 0, 0, 0, 0, 0, 0, 0, 0, 0, 0, 0, 1, 20
"c:\Users\Zhao Yufeng\Documents\VSCode\problems\leetcode\108.cpp", "C++", 22, 0, 0, 0, 0, 0, 0, 0, 0, 0, 0, 0, 0, 0, 2, 24
"c:\Users\Zhao Yufeng\Documents\VSCode\problems\leetcode\109.cpp", "C++", 36, 0, 0, 0, 0, 0, 0, 0, 0, 0, 0, 0, 0, 0, 3, 39
"c:\Users\Zhao Yufeng\Documents\VSCode\problems\leetcode\1095.cpp", "C++", 72, 0, 0, 0, 0, 0, 0, 0, 0, 0, 0, 0, 0, 0, 7, 79
"c:\Users\Zhao Yufeng\Documents\VSCode\problems\leetcode\110.cpp", "C++", 22, 0, 0, 0, 0, 0, 0, 0, 0, 0, 0, 0, 0, 0, 2, 24
"c:\Users\Zhao Yufeng\Documents\VSCode\problems\leetcode\1104.cpp", "C++", 25, 0, 0, 0, 0, 0, 0, 0, 0, 0, 0, 0, 0, 0, 1, 26
"c:\Users\Zhao Yufeng\Documents\VSCode\problems\leetcode\111.cpp", "C++", 31, 0, 0, 0, 0, 0, 0, 0, 0, 0, 0, 0, 0, 0, 3, 34
"c:\Users\Zhao Yufeng\Documents\VSCode\problems\leetcode\112.cpp", "C++", 20, 0, 0, 0, 0, 0, 0, 0, 0, 0, 0, 0, 0, 0, 2, 22
"c:\Users\Zhao Yufeng\Documents\VSCode\problems\leetcode\113.cpp", "C++", 30, 0, 0, 0, 0, 0, 0, 0, 0, 0, 0, 0, 0, 0, 3, 33
"c:\Users\Zhao Yufeng\Documents\VSCode\problems\leetcode\114.cpp", "C++", 33, 0, 0, 0, 0, 0, 0, 0, 0, 0, 0, 0, 0, 0, 2, 35
"c:\Users\Zhao Yufeng\Documents\VSCode\problems\leetcode\1163.cpp", "C++", 27, 0, 0, 0, 0, 0, 0, 0, 0, 0, 0, 0, 0, 0, 2, 29
"c:\Users\Zhao Yufeng\Documents\VSCode\problems\leetcode\11盛水.cpp", "C++", 20, 0, 0, 0, 0, 0, 0, 0, 0, 0, 0, 0, 0, 16, 2, 38
"c:\Users\Zhao Yufeng\Documents\VSCode\problems\leetcode\120.cpp", "C++", 13, 0, 0, 0, 0, 0, 0, 0, 0, 0, 0, 0, 0, 0, 2, 15
"c:\Users\Zhao Yufeng\Documents\VSCode\problems\leetcode\121.cpp", "C++", 18, 0, 0, 0, 0, 0, 0, 0, 0, 0, 0, 0, 0, 0, 1, 19
"c:\Users\Zhao Yufeng\Documents\VSCode\problems\leetcode\121.py", "Python", 0, 0, 0, 0, 0, 13, 0, 0, 0, 0, 0, 0, 0, 0, 0, 13
"c:\Users\Zhao Yufeng\Documents\VSCode\problems\leetcode\122.py", "Python", 0, 0, 0, 0, 0, 17, 0, 0, 0, 0, 0, 0, 0, 0, 1, 18
"c:\Users\Zhao Yufeng\Documents\VSCode\problems\leetcode\1248.cpp", "C++", 22, 0, 0, 0, 0, 0, 0, 0, 0, 0, 0, 0, 0, 8, 3, 33
"c:\Users\Zhao Yufeng\Documents\VSCode\problems\leetcode\1249.cpp", "C++", 23, 0, 0, 0, 0, 0, 0, 0, 0, 0, 0, 0, 0, 0, 1, 24
"c:\Users\Zhao Yufeng\Documents\VSCode\problems\leetcode\125.py", "Python", 0, 0, 0, 0, 0, 17, 0, 0, 0, 0, 0, 0, 0, 0, 1, 18
"c:\Users\Zhao Yufeng\Documents\VSCode\problems\leetcode\1267.cpp", "C++", 29, 0, 0, 0, 0, 0, 0, 0, 0, 0, 0, 0, 0, 0, 1, 30
"c:\Users\Zhao Yufeng\Documents\VSCode\problems\leetcode\1290.cpp", "C++", 32, 0, 0, 0, 0, 0, 0, 0, 0, 0, 0, 0, 0, 0, 3, 35
"c:\Users\Zhao Yufeng\Documents\VSCode\problems\leetcode\1304.py", "Python", 0, 0, 0, 0, 0, 11, 0, 0, 0, 0, 0, 0, 0, 0, 1, 12
"c:\Users\Zhao Yufeng\Documents\VSCode\problems\leetcode\1315.cpp", "C++", 30, 0, 0, 0, 0, 0, 0, 0, 0, 0, 0, 0, 0, 0, 2, 32
"c:\Users\Zhao Yufeng\Documents\VSCode\problems\leetcode\134.cpp", "C++", 33, 0, 0, 0, 0, 0, 0, 0, 0, 0, 0, 0, 0, 0, 2, 35
"c:\Users\Zhao Yufeng\Documents\VSCode\problems\leetcode\1343.cpp", "C++", 18, 0, 0, 0, 0, 0, 0, 0, 0, 0, 0, 0, 0, 0, 1, 19
"c:\Users\Zhao Yufeng\Documents\VSCode\problems\leetcode\137.cpp", "C++", 17, 0, 0, 0, 0, 0, 0, 0, 0, 0, 0, 0, 0, 0, 2, 19
"c:\Users\Zhao Yufeng\Documents\VSCode\problems\leetcode\1371.cpp", "C++", 34, 0, 0, 0, 0, 0, 0, 0, 0, 0, 0, 0, 0, 0, 2, 36
"c:\Users\Zhao Yufeng\Documents\VSCode\problems\leetcode\1394.py", "Python", 0, 0, 0, 0, 0, 14, 0, 0, 0, 0, 0, 0, 0, 0, 0, 14
"c:\Users\Zhao Yufeng\Documents\VSCode\problems\leetcode\14.cpp", "C++", 29, 0, 0, 0, 0, 0, 0, 0, 0, 0, 0, 0, 0, 8, 1, 38
"c:\Users\Zhao Yufeng\Documents\VSCode\problems\leetcode\141.cpp", "C++", 21, 0, 0, 0, 0, 0, 0, 0, 0, 0, 0, 0, 0, 0, 2, 23
"c:\Users\Zhao Yufeng\Documents\VSCode\problems\leetcode\141re.cpp", "C++", 30, 0, 0, 0, 0, 0, 0, 0, 0, 0, 0, 0, 0, 0, 3, 33
"c:\Users\Zhao Yufeng\Documents\VSCode\problems\leetcode\1431.cpp", "C++", 14, 0, 0, 0, 0, 0, 0, 0, 0, 0, 0, 0, 0, 0, 1, 15
"c:\Users\Zhao Yufeng\Documents\VSCode\problems\leetcode\144.cpp", "C++", 25, 0, 0, 0, 0, 0, 0, 0, 0, 0, 0, 0, 0, 0, 3, 28
"c:\Users\Zhao Yufeng\Documents\VSCode\problems\leetcode\146.cpp", "C++", 62, 0, 0, 0, 0, 0, 0, 0, 0, 0, 0, 0, 0, 0, 6, 68
"c:\Users\Zhao Yufeng\Documents\VSCode\problems\leetcode\15.cpp", "C++", 31, 0, 0, 0, 0, 0, 0, 0, 0, 0, 0, 0, 0, 8, 5, 44
"c:\Users\Zhao Yufeng\Documents\VSCode\problems\leetcode\152.cpp", "C++", 48, 0, 0, 0, 0, 0, 0, 0, 0, 0, 0, 0, 0, 0, 3, 51
"c:\Users\Zhao Yufeng\Documents\VSCode\problems\leetcode\152re.cpp", "C++", 24, 0, 0, 0, 0, 0, 0, 0, 0, 0, 0, 0, 0, 0, 3, 27
"c:\Users\Zhao Yufeng\Documents\VSCode\problems\leetcode\155.cpp", "C++", 24, 0, 0, 0, 0, 0, 0, 0, 0, 0, 0, 0, 0, 0, 6, 30
"c:\Users\Zhao Yufeng\Documents\VSCode\problems\leetcode\15re.cpp", "C++", 38, 0, 0, 0, 0, 0, 0, 0, 0, 0, 0, 0, 0, 8, 4, 50
"c:\Users\Zhao Yufeng\Documents\VSCode\problems\leetcode\16.cpp", "C++", 34, 0, 0, 0, 0, 0, 0, 0, 0, 0, 0, 0, 0, 8, 4, 46
"c:\Users\Zhao Yufeng\Documents\VSCode\problems\leetcode\160.cpp", "C++", 38, 0, 0, 0, 0, 0, 0, 0, 0, 0, 0, 0, 0, 0, 3, 41
"c:\Users\Zhao Yufeng\Documents\VSCode\problems\leetcode\162.cpp", "C++", 27, 0, 0, 0, 0, 0, 0, 0, 0, 0, 0, 0, 0, 0, 4, 31
"c:\Users\Zhao Yufeng\Documents\VSCode\problems\leetcode\164tong.cpp", "C++", 33, 0, 0, 0, 0, 0, 0, 0, 0, 0, 0, 0, 0, 0, 2, 35
"c:\Users\Zhao Yufeng\Documents\VSCode\problems\leetcode\167.py", "Python", 0, 0, 0, 0, 0, 9, 0, 0, 0, 0, 0, 0, 0, 0, 0, 9
"c:\Users\Zhao Yufeng\Documents\VSCode\problems\leetcode\167re.py", "Python", 0, 0, 0, 0, 0, 11, 0, 0, 0, 0, 0, 0, 0, 0, 0, 11
"c:\Users\Zhao Yufeng\Documents\VSCode\problems\leetcode\16re.cpp", "C++", 25, 0, 0, 0, 0, 0, 0, 0, 0, 0, 0, 0, 0, 8, 4, 37
"c:\Users\Zhao Yufeng\Documents\VSCode\problems\leetcode\174.cpp", "C++", 25, 0, 0, 0, 0, 0, 0, 0, 0, 0, 0, 0, 0, 0, 2, 27
"c:\Users\Zhao Yufeng\Documents\VSCode\problems\leetcode\18.cpp", "C++", 32, 0, 0, 0, 0, 0, 0, 0, 0, 0, 0, 0, 0, 0, 1, 33
"c:\Users\Zhao Yufeng\Documents\VSCode\problems\leetcode\18new.cpp", "C++", 47, 0, 0, 0, 0, 0, 0, 0, 0, 0, 0, 0, 0, 0, 1, 48
"c:\Users\Zhao Yufeng\Documents\VSCode\problems\leetcode\19.cpp", "C++", 28, 0, 0, 0, 0, 0, 0, 0, 0, 0, 0, 0, 0, 0, 3, 31
"c:\Users\Zhao Yufeng\Documents\VSCode\problems\leetcode\198.cpp", "C++", 42, 0, 0, 0, 0, 0, 0, 0, 0, 0, 0, 0, 0, 1, 2, 45
"c:\Users\Zhao Yufeng\Documents\VSCode\problems\leetcode\198.py", "Python", 0, 0, 0, 0, 0, 13, 0, 0, 0, 0, 0, 0, 0, 0, 1, 14
"c:\Users\Zhao Yufeng\Documents\VSCode\problems\leetcode\198re.cpp", "C++", 16, 0, 0, 0, 0, 0, 0, 0, 0, 0, 0, 0, 0, 0, 3, 19
"c:\Users\Zhao Yufeng\Documents\VSCode\problems\leetcode\199.cpp", "C++", 15, 0, 0, 0, 0, 0, 0, 0, 0, 0, 0, 0, 0, 8, 3, 26
"c:\Users\Zhao Yufeng\Documents\VSCode\problems\leetcode\20.cpp", "C++", 114, 0, 0, 0, 0, 0, 0, 0, 0, 0, 0, 0, 0, 8, 13, 135
"c:\Users\Zhao Yufeng\Documents\VSCode\problems\leetcode\200.cpp", "C++", 24, 0, 0, 0, 0, 0, 0, 0, 0, 0, 0, 0, 0, 8, 1, 33
"c:\Users\Zhao Yufeng\Documents\VSCode\problems\leetcode\202.cpp", "C++", 24, 0, 0, 0, 0, 0, 0, 0, 0, 0, 0, 0, 0, 0, 1, 25
"c:\Users\Zhao Yufeng\Documents\VSCode\problems\leetcode\203.cpp", "C++", 19, 0, 0, 0, 0, 0, 0, 0, 0, 0, 0, 0, 0, 0, 2, 21
"c:\Users\Zhao Yufeng\Documents\VSCode\problems\leetcode\207拓扑2.cpp", "C++", 27, 0, 0, 0, 0, 0, 0, 0, 0, 0, 0, 0, 0, 0, 1, 28
"c:\Users\Zhao Yufeng\Documents\VSCode\problems\leetcode\21.cpp", "C++", 27, 0, 0, 0, 0, 0, 0, 0, 0, 0, 0, 0, 0, 8, 2, 37
"c:\Users\Zhao Yufeng\Documents\VSCode\problems\leetcode\210拓扑排序板子题.cpp", "C++", 23, 0, 0, 0, 0, 0, 0, 0, 0, 0, 0, 0, 0, 0, 2, 25
"c:\Users\Zhao Yufeng\Documents\VSCode\problems\leetcode\214.cpp", "C++", 32, 0, 0, 0, 0, 0, 0, 0, 0, 0, 0, 0, 0, 0, 2, 34
"c:\Users\Zhao Yufeng\Documents\VSCode\problems\leetcode\22.cpp", "C++", 35, 0, 0, 0, 0, 0, 0, 0, 0, 0, 0, 0, 0, 0, 1, 36
"c:\Users\Zhao Yufeng\Documents\VSCode\problems\leetcode\221.cpp", "C++", 41, 0, 0, 0, 0, 0, 0, 0, 0, 0, 0, 0, 0, 0, 4, 45
"c:\Users\Zhao Yufeng\Documents\VSCode\problems\leetcode\224.cpp", "C++", 84, 0, 0, 0, 0, 0, 0, 0, 0, 0, 0, 0, 0, 0, 4, 88
"c:\Users\Zhao Yufeng\Documents\VSCode\problems\leetcode\232.cpp", "C++", 29, 0, 0, 0, 0, 0, 0, 0, 0, 0, 0, 0, 0, 0, 4, 33
"c:\Users\Zhao Yufeng\Documents\VSCode\problems\leetcode\235.cpp", "C++", 37, 0, 0, 0, 0, 0, 0, 0, 0, 0, 0, 0, 0, 0, 3, 40
"c:\Users\Zhao Yufeng\Documents\VSCode\problems\leetcode\236.cpp", "C++", 34, 0, 0, 0, 0, 0, 0, 0, 0, 0, 0, 0, 0, 0, 4, 38
"c:\Users\Zhao Yufeng\Documents\VSCode\problems\leetcode\238.cpp", "C++", 22, 0, 0, 0, 0, 0, 0, 0, 0, 0, 0, 0, 0, 0, 1, 23
"c:\Users\Zhao Yufeng\Documents\VSCode\problems\leetcode\239.cpp", "C++", 26, 0, 0, 0, 0, 0, 0, 0, 0, 0, 0, 0, 0, 0, 1, 27
"c:\Users\Zhao Yufeng\Documents\VSCode\problems\leetcode\24.cpp", "C++", 45, 0, 0, 0, 0, 0, 0, 0, 0, 0, 0, 0, 0, 0, 3, 48
"c:\Users\Zhao Yufeng\Documents\VSCode\problems\leetcode\24rere.cpp", "C++", 49, 0, 0, 0, 0, 0, 0, 0, 0, 0, 0, 0, 0, 0, 2, 51
"c:\Users\Zhao Yufeng\Documents\VSCode\problems\leetcode\24rewa.cpp", "C++", 36, 0, 0, 0, 0, 0, 0, 0, 0, 0, 0, 0, 0, 0, 3, 39
"c:\Users\Zhao Yufeng\Documents\VSCode\problems\leetcode\25.cpp", "C++", 49, 0, 0, 0, 0, 0, 0, 0, 0, 0, 0, 0, 0, 0, 2, 51
"c:\Users\Zhao Yufeng\Documents\VSCode\problems\leetcode\257.cpp", "C++", 35, 0, 0, 0, 0, 0, 0, 0, 0, 0, 0, 0, 0, 0, 3, 38
"c:\Users\Zhao Yufeng\Documents\VSCode\problems\leetcode\26.cpp", "C++", 19, 0, 0, 0, 0, 0, 0, 0, 0, 0, 0, 0, 0, 8, 2, 29
"c:\Users\Zhao Yufeng\Documents\VSCode\problems\leetcode\260.cpp", "C++", 17, 0, 0, 0, 0, 0, 0, 0, 0, 0, 0, 0, 0, 0, 1, 18
"c:\Users\Zhao Yufeng\Documents\VSCode\problems\leetcode\263 精准控制流.py", "Python", 0, 0, 0, 0, 0, 14, 0, 0, 0, 0, 0, 0, 0, 0, 0, 14
"c:\Users\Zhao Yufeng\Documents\VSCode\problems\leetcode\268.cpp", "C++", 13, 0, 0, 0, 0, 0, 0, 0, 0, 0, 0, 0, 0, 0, 2, 15
"c:\Users\Zhao Yufeng\Documents\VSCode\problems\leetcode\27.cpp", "C++", 16, 0, 0, 0, 0, 0, 0, 0, 0, 0, 0, 0, 0, 8, 2, 26
"c:\Users\Zhao Yufeng\Documents\VSCode\problems\leetcode\28.py", "Python", 0, 0, 0, 0, 0, 3, 0, 0, 0, 0, 0, 0, 0, 0, 0, 3
"c:\Users\Zhao Yufeng\Documents\VSCode\problems\leetcode\287.cpp", "C++", 19, 0, 0, 0, 0, 0, 0, 0, 0, 0, 0, 0, 0, 0, 1, 20
"c:\Users\Zhao Yufeng\Documents\VSCode\problems\leetcode\29.cpp", "C++", 41, 0, 0, 0, 0, 0, 0, 0, 0, 0, 0, 0, 0, 8, 3, 52
"c:\Users\Zhao Yufeng\Documents\VSCode\problems\leetcode\2链表相加.cpp", "C++", 35, 0, 0, 0, 0, 0, 0, 0, 0, 0, 0, 0, 0, 17, 4, 56
"c:\Users\Zhao Yufeng\Documents\VSCode\problems\leetcode\3.cpp", "C++", 39, 0, 0, 0, 0, 0, 0, 0, 0, 0, 0, 0, 0, 0, 5, 44
"c:\Users\Zhao Yufeng\Documents\VSCode\problems\leetcode\309.cpp", "C++", 16, 0, 0, 0, 0, 0, 0, 0, 0, 0, 0, 0, 0, 0, 1, 17
"c:\Users\Zhao Yufeng\Documents\VSCode\problems\leetcode\31.cpp", "C++", 30, 0, 0, 0, 0, 0, 0, 0, 0, 0, 0, 0, 0, 0, 4, 34
"c:\Users\Zhao Yufeng\Documents\VSCode\problems\leetcode\315.cpp", "C++", 32, 0, 0, 0, 0, 0, 0, 0, 0, 0, 0, 0, 0, 0, 1, 33
"c:\Users\Zhao Yufeng\Documents\VSCode\problems\leetcode\32 c.c", "C", 0, 0, 0, 0, 0, 0, 0, 0, 42, 0, 0, 0, 0, 8, 5, 55
"c:\Users\Zhao Yufeng\Documents\VSCode\problems\leetcode\32.cpp", "C++", 41, 0, 0, 0, 0, 0, 0, 0, 0, 0, 0, 0, 0, 8, 2, 51
"c:\Users\Zhao Yufeng\Documents\VSCode\problems\leetcode\32yh.cpp", "C++", 109, 0, 0, 0, 0, 0, 0, 0, 0, 0, 0, 0, 0, 8, 12, 129
"c:\Users\Zhao Yufeng\Documents\VSCode\problems\leetcode\33.cpp", "C++", 38, 0, 0, 0, 0, 0, 0, 0, 0, 0, 0, 0, 0, 8, 4, 50
"c:\Users\Zhao Yufeng\Documents\VSCode\problems\leetcode\337.cpp", "C++", 31, 0, 0, 0, 0, 0, 0, 0, 0, 0, 0, 0, 0, 0, 2, 33
"c:\Users\Zhao Yufeng\Documents\VSCode\problems\leetcode\34.cpp", "C++", 53, 0, 0, 0, 0, 0, 0, 0, 0, 0, 0, 0, 0, 0, 5, 58
"c:\Users\Zhao Yufeng\Documents\VSCode\problems\leetcode\343.cpp", "C++", 16, 0, 0, 0, 0, 0, 0, 0, 0, 0, 0, 0, 0, 0, 1, 17
"c:\Users\Zhao Yufeng\Documents\VSCode\problems\leetcode\347.cpp", "C++", 26, 0, 0, 0, 0, 0, 0, 0, 0, 0, 0, 0, 0, 0, 1, 27
"c:\Users\Zhao Yufeng\Documents\VSCode\problems\leetcode\349.py", "Python", 0, 0, 0, 0, 0, 13, 0, 0, 0, 0, 0, 0, 0, 0, 0, 13
"c:\Users\Zhao Yufeng\Documents\VSCode\problems\leetcode\35.cpp", "C++", 22, 0, 0, 0, 0, 0, 0, 0, 0, 0, 0, 0, 0, 0, 2, 24
"c:\Users\Zhao Yufeng\Documents\VSCode\problems\leetcode\350.py", "Python", 0, 0, 0, 0, 0, 16, 0, 0, 0, 0, 0, 0, 0, 0, 0, 16
"c:\Users\Zhao Yufeng\Documents\VSCode\problems\leetcode\36.cpp", "C++", 40, 0, 0, 0, 0, 0, 0, 0, 0, 0, 0, 0, 0, 0, 2, 42
"c:\Users\Zhao Yufeng\Documents\VSCode\problems\leetcode\374.cpp", "C++", 15, 0, 0, 0, 0, 0, 0, 0, 0, 0, 0, 0, 0, 0, 2, 17
"c:\Users\Zhao Yufeng\Documents\VSCode\problems\leetcode\378.cpp", "C++", 32, 0, 0, 0, 0, 0, 0, 0, 0, 0, 0, 0, 0, 0, 2, 34
"c:\Users\Zhao Yufeng\Documents\VSCode\problems\leetcode\378re.cpp", "C++", 2, 0, 0, 0, 0, 0, 0, 0, 0, 0, 0, 0, 0, 0, 1, 3
"c:\Users\Zhao Yufeng\Documents\VSCode\problems\leetcode\38.cpp", "C++", 46, 0, 0, 0, 0, 0, 0, 0, 0, 0, 0, 0, 0, 8, 4, 58
"c:\Users\Zhao Yufeng\Documents\VSCode\problems\leetcode\39.cpp", "C++", 36, 0, 0, 0, 0, 0, 0, 0, 0, 0, 0, 0, 0, 0, 3, 39
"c:\Users\Zhao Yufeng\Documents\VSCode\problems\leetcode\392.py", "Python", 0, 0, 0, 0, 0, 8, 0, 0, 0, 0, 0, 0, 0, 0, 0, 8
"c:\Users\Zhao Yufeng\Documents\VSCode\problems\leetcode\394.cpp", "C++", 41, 0, 0, 0, 0, 0, 0, 0, 0, 0, 0, 0, 0, 0, 1, 42
"c:\Users\Zhao Yufeng\Documents\VSCode\problems\leetcode\398.cpp", "C++", 16, 0, 0, 0, 0, 0, 0, 0, 0, 0, 0, 0, 0, 0, 2, 18
"c:\Users\Zhao Yufeng\Documents\VSCode\problems\leetcode\40.cpp", "C++", 37, 0, 0, 0, 0, 0, 0, 0, 0, 0, 0, 0, 0, 0, 3, 40
"c:\Users\Zhao Yufeng\Documents\VSCode\problems\leetcode\406.cpp", "C++", 26, 0, 0, 0, 0, 0, 0, 0, 0, 0, 0, 0, 0, 0, 3, 29
"c:\Users\Zhao Yufeng\Documents\VSCode\problems\leetcode\41.cpp", "C++", 16, 0, 0, 0, 0, 0, 0, 0, 0, 0, 0, 0, 0, 0, 1, 17
"c:\Users\Zhao Yufeng\Documents\VSCode\problems\leetcode\410.cpp", "C++", 21, 0, 0, 0, 0, 0, 0, 0, 0, 0, 0, 0, 0, 0, 1, 22
"c:\Users\Zhao Yufeng\Documents\VSCode\problems\leetcode\415.cpp", "C++", 37, 0, 0, 0, 0, 0, 0, 0, 0, 0, 0, 0, 0, 0, 2, 39
"c:\Users\Zhao Yufeng\Documents\VSCode\problems\leetcode\416.py", "Python", 0, 0, 0, 0, 0, 19, 0, 0, 0, 0, 0, 0, 0, 0, 0, 19
"c:\Users\Zhao Yufeng\Documents\VSCode\problems\leetcode\42接雨水.cpp", "C++", 33, 0, 0, 0, 0, 0, 0, 0, 0, 0, 0, 0, 0, 9, 2, 44
"c:\Users\Zhao Yufeng\Documents\VSCode\problems\leetcode\445.链表相加2.cpp", "C++", 60, 0, 0, 0, 0, 0, 0, 0, 0, 0, 0, 0, 0, 9, 8, 77
"c:\Users\Zhao Yufeng\Documents\VSCode\problems\leetcode\45.cpp", "C++", 20, 0, 0, 0, 0, 0, 0, 0, 0, 0, 0, 0, 0, 0, 2, 22
"c:\Users\Zhao Yufeng\Documents\VSCode\problems\leetcode\459.py", "Python", 0, 0, 0, 0, 0, 17, 0, 0, 0, 0, 0, 0, 0, 0, 0, 17
"c:\Users\Zhao Yufeng\Documents\VSCode\problems\leetcode\45re.cpp", "C++", 30, 0, 0, 0, 0, 0, 0, 0, 0, 0, 0, 0, 0, 0, 3, 33
"c:\Users\Zhao Yufeng\Documents\VSCode\problems\leetcode\466.cpp", "C++", 54, 0, 0, 0, 0, 0, 0, 0, 0, 0, 0, 0, 0, 36, 6, 96
"c:\Users\Zhao Yufeng\Documents\VSCode\problems\leetcode\466nidou.cpp", "C++", 72, 0, 0, 0, 0, 0, 0, 0, 0, 0, 0, 0, 0, 8, 4, 84
"c:\Users\Zhao Yufeng\Documents\VSCode\problems\leetcode\46huis.cpp", "C++", 27, 0, 0, 0, 0, 0, 0, 0, 0, 0, 0, 0, 0, 8, 2, 37
"c:\Users\Zhao Yufeng\Documents\VSCode\problems\leetcode\475.cpp", "C++", 2, 0, 0, 0, 0, 0, 0, 0, 0, 0, 0, 0, 0, 0, 2, 4
"c:\Users\Zhao Yufeng\Documents\VSCode\problems\leetcode\486.py", "Python", 0, 0, 0, 0, 0, 9, 0, 0, 0, 0, 0, 0, 0, 0, 0, 9
"c:\Users\Zhao Yufeng\Documents\VSCode\problems\leetcode\496.cpp", "C++", 20, 0, 0, 0, 0, 0, 0, 0, 0, 0, 0, 0, 0, 0, 1, 21
"c:\Users\Zhao Yufeng\Documents\VSCode\problems\leetcode\5.cpp", "C++", 43, 0, 0, 0, 0, 0, 0, 0, 0, 0, 0, 0, 0, 8, 6, 57
"c:\Users\Zhao Yufeng\Documents\VSCode\problems\leetcode\50.cpp", "C++", 29, 0, 0, 0, 0, 0, 0, 0, 0, 0, 0, 0, 0, 0, 2, 31
"c:\Users\Zhao Yufeng\Documents\VSCode\problems\leetcode\508.cpp", "C++", 30, 0, 0, 0, 0, 0, 0, 0, 0, 0, 0, 0, 0, 0, 2, 32
"c:\Users\Zhao Yufeng\Documents\VSCode\problems\leetcode\509.cpp", "C++", 14, 0, 0, 0, 0, 0, 0, 0, 0, 0, 0, 0, 0, 0, 2, 16
"c:\Users\Zhao Yufeng\Documents\VSCode\problems\leetcode\51.cpp", "C++", 53, 0, 0, 0, 0, 0, 0, 0, 0, 0, 0, 0, 0, 0, 1, 54
"c:\Users\Zhao Yufeng\Documents\VSCode\problems\leetcode\515.cpp", "C++", 35, 0, 0, 0, 0, 0, 0, 0, 0, 0, 0, 0, 0, 0, 2, 37
"c:\Users\Zhao Yufeng\Documents\VSCode\problems\leetcode\520.cpp", "C++", 13, 0, 0, 0, 0, 0, 0, 0, 0, 0, 0, 0, 0, 0, 1, 14
"c:\Users\Zhao Yufeng\Documents\VSCode\problems\leetcode\525.cpp", "C++", 22, 0, 0, 0, 0, 0, 0, 0, 0, 0, 0, 0, 0, 0, 2, 24
"c:\Users\Zhao Yufeng\Documents\VSCode\problems\leetcode\525re.cpp", "C++", 25, 0, 0, 0, 0, 0, 0, 0, 0, 0, 0, 0, 0, 0, 2, 27
"c:\Users\Zhao Yufeng\Documents\VSCode\problems\leetcode\53 分治递归板子题.cpp", "C++", 26, 0, 0, 0, 0, 0, 0, 0, 0, 0, 0, 0, 0, 0, 3, 29
"c:\Users\Zhao Yufeng\Documents\VSCode\problems\leetcode\557.cpp", "C++", 25, 0, 0, 0, 0, 0, 0, 0, 0, 0, 0, 0, 0, 0, 1, 26
"c:\Users\Zhao Yufeng\Documents\VSCode\problems\leetcode\56.cpp", "C++", 21, 0, 0, 0, 0, 0, 0, 0, 0, 0, 0, 0, 0, 0, 1, 22
"c:\Users\Zhao Yufeng\Documents\VSCode\problems\leetcode\560.cpp", "C++", 23, 0, 0, 0, 0, 0, 0, 0, 0, 0, 0, 0, 0, 0, 2, 25
"c:\Users\Zhao Yufeng\Documents\VSCode\problems\leetcode\572.cpp", "C++", 33, 0, 0, 0, 0, 0, 0, 0, 0, 0, 0, 0, 0, 0, 3, 36
"c:\Users\Zhao Yufeng\Documents\VSCode\problems\leetcode\575.cpp", "C++", 16, 0, 0, 0, 0, 0, 0, 0, 0, 0, 0, 0, 0, 0, 1, 17
"c:\Users\Zhao Yufeng\Documents\VSCode\problems\leetcode\575.py", "Python", 0, 0, 0, 0, 0, 9, 0, 0, 0, 0, 0, 0, 0, 0, 0, 9
"c:\Users\Zhao Yufeng\Documents\VSCode\problems\leetcode\58.cpp", "C++", 15, 0, 0, 0, 0, 0, 0, 0, 0, 0, 0, 0, 0, 0, 2, 17
"c:\Users\Zhao Yufeng\Documents\VSCode\problems\leetcode\594.cpp", "C++", 14, 0, 0, 0, 0, 0, 0, 0, 0, 0, 0, 0, 0, 0, 1, 15
"c:\Users\Zhao Yufeng\Documents\VSCode\problems\leetcode\599.cpp", "C++", 20, 0, 0, 0, 0, 0, 0, 0, 0, 0, 0, 0, 0, 0, 1, 21
"c:\Users\Zhao Yufeng\Documents\VSCode\problems\leetcode\60.cpp", "C++", 30, 0, 0, 0, 0, 0, 0, 0, 0, 0, 0, 0, 0, 0, 2, 32
"c:\Users\Zhao Yufeng\Documents\VSCode\problems\leetcode\62.cpp", "C++", 15, 0, 0, 0, 0, 0, 0, 0, 0, 0, 0, 0, 0, 0, 1, 16
"c:\Users\Zhao Yufeng\Documents\VSCode\problems\leetcode\63.cpp", "C++", 21, 0, 0, 0, 0, 0, 0, 0, 0, 0, 0, 0, 0, 0, 2, 23
"c:\Users\Zhao Yufeng\Documents\VSCode\problems\leetcode\64.cpp", "C++", 29, 0, 0, 0, 0, 0, 0, 0, 0, 0, 0, 0, 0, 0, 3, 32
"c:\Users\Zhao Yufeng\Documents\VSCode\problems\leetcode\64.py", "Python", 0, 0, 0, 0, 0, 24, 0, 0, 0, 0, 0, 0, 0, 1, 2, 27
"c:\Users\Zhao Yufeng\Documents\VSCode\problems\leetcode\645.cpp", "C++", 16, 0, 0, 0, 0, 0, 0, 0, 0, 0, 0, 0, 0, 0, 1, 17
"c:\Users\Zhao Yufeng\Documents\VSCode\problems\leetcode\657.cpp", "C++", 25, 0, 0, 0, 0, 0, 0, 0, 0, 0, 0, 0, 0, 0, 1, 26
"c:\Users\Zhao Yufeng\Documents\VSCode\problems\leetcode\66.cpp", "C++", 25, 0, 0, 0, 0, 0, 0, 0, 0, 0, 0, 0, 0, 0, 2, 27
"c:\Users\Zhao Yufeng\Documents\VSCode\problems\leetcode\67.cpp", "C++", 37, 0, 0, 0, 0, 0, 0, 0, 0, 0, 0, 0, 0, 0, 3, 40
"c:\Users\Zhao Yufeng\Documents\VSCode\problems\leetcode\679.cpp", "C++", 40, 0, 0, 0, 0, 0, 0, 0, 0, 0, 0, 0, 0, 0, 2, 42
"c:\Users\Zhao Yufeng\Documents\VSCode\problems\leetcode\680.cpp", "C++", 23, 0, 0, 0, 0, 0, 0, 0, 0, 0, 0, 0, 0, 0, 1, 24
"c:\Users\Zhao Yufeng\Documents\VSCode\problems\leetcode\684.cpp", "C++", 46, 0, 0, 0, 0, 0, 0, 0, 0, 0, 0, 0, 0, 0, 2, 48
"c:\Users\Zhao Yufeng\Documents\VSCode\problems\leetcode\69.cpp", "C++", 10, 0, 0, 0, 0, 0, 0, 0, 0, 0, 0, 0, 0, 0, 0, 10
"c:\Users\Zhao Yufeng\Documents\VSCode\problems\leetcode\696.py", "Python", 0, 0, 0, 0, 0, 12, 0, 0, 0, 0, 0, 0, 0, 0, 1, 13
"c:\Users\Zhao Yufeng\Documents\VSCode\problems\leetcode\7.cpp", "C++", 25, 0, 0, 0, 0, 0, 0, 0, 0, 0, 0, 0, 0, 0, 2, 27
"c:\Users\Zhao Yufeng\Documents\VSCode\problems\leetcode\7.py", "Python", 0, 0, 0, 0, 0, 17, 0, 0, 0, 0, 0, 0, 0, 0, 0, 17
"c:\Users\Zhao Yufeng\Documents\VSCode\problems\leetcode\70.cpp", "C++", 25, 0, 0, 0, 0, 0, 0, 0, 0, 0, 0, 0, 0, 0, 3, 28
"c:\Users\Zhao Yufeng\Documents\VSCode\problems\leetcode\73.cpp", "C++", 28, 0, 0, 0, 0, 0, 0, 0, 0, 0, 0, 0, 0, 0, 2, 30
"c:\Users\Zhao Yufeng\Documents\VSCode\problems\leetcode\739.cpp", "C++", 26, 0, 0, 0, 0, 0, 0, 0, 0, 0, 0, 0, 0, 0, 2, 28
"c:\Users\Zhao Yufeng\Documents\VSCode\problems\leetcode\74.cpp", "C++", 24, 0, 0, 0, 0, 0, 0, 0, 0, 0, 0, 0, 0, 0, 1, 25
"c:\Users\Zhao Yufeng\Documents\VSCode\problems\leetcode\746.cpp", "C++", 14, 0, 0, 0, 0, 0, 0, 0, 0, 0, 0, 0, 0, 0, 2, 16
"c:\Users\Zhao Yufeng\Documents\VSCode\problems\leetcode\75.cpp", "C++", 33, 0, 0, 0, 0, 0, 0, 0, 0, 0, 0, 0, 0, 8, 1, 42
"c:\Users\Zhao Yufeng\Documents\VSCode\problems\leetcode\76.cpp", "C++", 46, 0, 0, 0, 0, 0, 0, 0, 0, 0, 0, 0, 0, 0, 2, 48
"c:\Users\Zhao Yufeng\Documents\VSCode\problems\leetcode\767.cpp", "C++", 53, 0, 0, 0, 0, 0, 0, 0, 0, 0, 0, 0, 0, 0, 1, 54
"c:\Users\Zhao Yufeng\Documents\VSCode\problems\leetcode\76RE.cpp", "C++", 41, 0, 0, 0, 0, 0, 0, 0, 0, 0, 0, 0, 0, 0, 2, 43
"c:\Users\Zhao Yufeng\Documents\VSCode\problems\leetcode\78.cpp", "C++", 19, 0, 0, 0, 0, 0, 0, 0, 0, 0, 0, 0, 0, 0, 1, 20
"c:\Users\Zhao Yufeng\Documents\VSCode\problems\leetcode\785.cpp", "C++", 37, 0, 0, 0, 0, 0, 0, 0, 0, 0, 0, 0, 0, 0, 1, 38
"c:\Users\Zhao Yufeng\Documents\VSCode\problems\leetcode\79.cpp", "C++", 9, 0, 0, 0, 0, 0, 0, 0, 0, 0, 0, 0, 0, 0, 2, 11
"c:\Users\Zhao Yufeng\Documents\VSCode\problems\leetcode\82.cpp", "C++", 31, 0, 0, 0, 0, 0, 0, 0, 0, 0, 0, 0, 0, 0, 3, 34
"c:\Users\Zhao Yufeng\Documents\VSCode\problems\leetcode\83.cpp", "C++", 29, 0, 0, 0, 0, 0, 0, 0, 0, 0, 0, 0, 0, 0, 3, 32
"c:\Users\Zhao Yufeng\Documents\VSCode\problems\leetcode\838.cpp", "C++", 62, 0, 0, 0, 0, 0, 0, 0, 0, 0, 0, 0, 0, 0, 3, 65
"c:\Users\Zhao Yufeng\Documents\VSCode\problems\leetcode\84.cpp", "C++", 31, 0, 0, 0, 0, 0, 0, 0, 0, 0, 0, 0, 0, 0, 1, 32
"c:\Users\Zhao Yufeng\Documents\VSCode\problems\leetcode\841.cpp", "C++", 28, 0, 0, 0, 0, 0, 0, 0, 0, 0, 0, 0, 0, 0, 3, 31
"c:\Users\Zhao Yufeng\Documents\VSCode\problems\leetcode\853.cpp", "C++", 17, 0, 0, 0, 0, 0, 0, 0, 0, 0, 0, 0, 0, 0, 2, 19
"c:\Users\Zhao Yufeng\Documents\VSCode\problems\leetcode\86.cpp", "C++", 34, 0, 0, 0, 0, 0, 0, 0, 0, 0, 0, 0, 0, 0, 3, 37
"c:\Users\Zhao Yufeng\Documents\VSCode\problems\leetcode\876.cpp", "C++", 29, 0, 0, 0, 0, 0, 0, 0, 0, 0, 0, 0, 0, 0, 3, 32
"c:\Users\Zhao Yufeng\Documents\VSCode\problems\leetcode\88.py", "Python", 0, 0, 0, 0, 0, 21, 0, 0, 0, 0, 0, 0, 0, 0, 0, 21
"c:\Users\Zhao Yufeng\Documents\VSCode\problems\leetcode\9.py", "Python", 0, 0, 0, 0, 0, 9, 0, 0, 0, 0, 0, 0, 0, 0, 0, 9
"c:\Users\Zhao Yufeng\Documents\VSCode\problems\leetcode\90.cpp", "C++", 19, 0, 0, 0, 0, 0, 0, 0, 0, 0, 0, 0, 0, 0, 1, 20
"c:\Users\Zhao Yufeng\Documents\VSCode\problems\leetcode\92.cpp", "C++", 31, 0, 0, 0, 0, 0, 0, 0, 0, 0, 0, 0, 0, 0, 2, 33
"c:\Users\Zhao Yufeng\Documents\VSCode\problems\leetcode\93.cpp", "C++", 36, 0, 0, 0, 0, 0, 0, 0, 0, 0, 0, 0, 0, 0, 1, 37
"c:\Users\Zhao Yufeng\Documents\VSCode\problems\leetcode\938.cpp", "C++", 19, 0, 0, 0, 0, 0, 0, 0, 0, 0, 0, 0, 0, 0, 2, 21
"c:\Users\Zhao Yufeng\Documents\VSCode\problems\leetcode\94.cpp", "C++", 25, 0, 0, 0, 0, 0, 0, 0, 0, 0, 0, 0, 0, 0, 3, 28
"c:\Users\Zhao Yufeng\Documents\VSCode\problems\leetcode\947.cpp", "C++", 29, 0, 0, 0, 0, 0, 0, 0, 0, 0, 0, 0, 0, 0, 2, 31
"c:\Users\Zhao Yufeng\Documents\VSCode\problems\leetcode\95.cpp", "C++", 36, 0, 0, 0, 0, 0, 0, 0, 0, 0, 0, 0, 0, 0, 2, 38
"c:\Users\Zhao Yufeng\Documents\VSCode\problems\leetcode\96.cpp", "C++", 15, 0, 0, 0, 0, 0, 0, 0, 0, 0, 0, 0, 0, 0, 1, 16
"c:\Users\Zhao Yufeng\Documents\VSCode\problems\leetcode\97.cpp", "C++", 17, 0, 0, 0, 0, 0, 0, 0, 0, 0, 0, 0, 0, 0, 1, 18
"c:\Users\Zhao Yufeng\Documents\VSCode\problems\leetcode\974.cpp", "C++", 24, 0, 0, 0, 0, 0, 0, 0, 0, 0, 0, 0, 0, 0, 2, 26
"c:\Users\Zhao Yufeng\Documents\VSCode\problems\leetcode\98.cpp", "C++", 27, 0, 0, 0, 0, 0, 0, 0, 0, 0, 0, 0, 0, 0, 3, 30
"c:\Users\Zhao Yufeng\Documents\VSCode\problems\leetcode\983.cpp", "C++", 29, 0, 0, 0, 0, 0, 0, 0, 0, 0, 0, 0, 0, 0, 2, 31
"c:\Users\Zhao Yufeng\Documents\VSCode\problems\leetcode\99.cpp", "C++", 36, 0, 0, 0, 0, 0, 0, 0, 0, 0, 0, 0, 0, 0, 2, 38
"c:\Users\Zhao Yufeng\Documents\VSCode\problems\leetcode\LCP01.cpp", "C++", 11, 0, 0, 0, 0, 0, 0, 0, 0, 0, 0, 0, 0, 0, 1, 12
"c:\Users\Zhao Yufeng\Documents\VSCode\problems\leetcode\Offer06.py", "Python", 0, 0, 0, 0, 0, 13, 0, 0, 0, 0, 0, 0, 0, 0, 2, 15
"c:\Users\Zhao Yufeng\Documents\VSCode\problems\leetcode\Offer20.cpp", "C++", 73, 0, 0, 0, 0, 0, 0, 0, 0, 0, 0, 0, 0, 0, 1, 74
"c:\Users\Zhao Yufeng\Documents\VSCode\problems\leetcode\m51.cpp", "C++", 37, 0, 0, 0, 0, 0, 0, 0, 0, 0, 0, 0, 0, 8, 3, 48
"c:\Users\Zhao Yufeng\Documents\VSCode\problems\leetcode\ms0101.cpp", "C++", 13, 0, 0, 0, 0, 0, 0, 0, 0, 0, 0, 0, 0, 0, 1, 14
"c:\Users\Zhao Yufeng\Documents\VSCode\problems\leetcode\ms0104.cpp", "C++", 13, 0, 0, 0, 0, 0, 0, 0, 0, 0, 0, 0, 0, 0, 1, 14
"c:\Users\Zhao Yufeng\Documents\VSCode\problems\leetcode\ms0202.py", "Python", 0, 0, 0, 0, 0, 23, 0, 0, 0, 0, 0, 0, 0, 0, 3, 26
"c:\Users\Zhao Yufeng\Documents\VSCode\problems\leetcode\ms0202re.py", "Python", 0, 0, 0, 0, 0, 13, 0, 0, 0, 0, 0, 0, 0, 0, 1, 14
"c:\Users\Zhao Yufeng\Documents\VSCode\problems\leetcode\ms0203.cpp", "C++", 21, 0, 0, 0, 0, 0, 0, 0, 0, 0, 0, 0, 0, 0, 3, 24
"c:\Users\Zhao Yufeng\Documents\VSCode\problems\leetcode\ms0205.cpp", "C++", 42, 0, 0, 0, 0, 0, 0, 0, 0, 0, 0, 0, 0, 0, 3, 45
"c:\Users\Zhao Yufeng\Documents\VSCode\problems\leetcode\ms03.cpp", "C++", 13, 0, 0, 0, 0, 0, 0, 0, 0, 0, 0, 0, 0, 0, 1, 14
"c:\Users\Zhao Yufeng\Documents\VSCode\problems\leetcode\ms0301.cpp", "C++", 42, 0, 0, 0, 0, 0, 0, 0, 0, 0, 0, 0, 0, 0, 2, 44
"c:\Users\Zhao Yufeng\Documents\VSCode\problems\leetcode\ms0401.cpp", "C++", 27, 0, 0, 0, 0, 0, 0, 0, 0, 0, 0, 0, 0, 0, 2, 29
"c:\Users\Zhao Yufeng\Documents\VSCode\problems\leetcode\ms0404.cpp", "C++", 23, 0, 0, 0, 0, 0, 0, 0, 0, 0, 0, 0, 0, 0, 2, 25
"c:\Users\Zhao Yufeng\Documents\VSCode\problems\leetcode\ms0801.cpp", "C++", 16, 0, 0, 0, 0, 0, 0, 0, 0, 0, 0, 0, 0, 0, 2, 18
"c:\Users\Zhao Yufeng\Documents\VSCode\problems\leetcode\ms0803.py", "Python", 0, 0, 0, 0, 0, 17, 0, 0, 0, 0, 0, 0, 0, 0, 1, 18
"c:\Users\Zhao Yufeng\Documents\VSCode\problems\leetcode\ms1611.cpp", "C++", 15, 0, 0, 0, 0, 0, 0, 0, 0, 0, 0, 0, 0, 0, 1, 16
"c:\Users\Zhao Yufeng\Documents\VSCode\problems\leetcode\ms1617.cpp", "C++", 25, 0, 0, 0, 0, 0, 0, 0, 0, 0, 0, 0, 0, 0, 3, 28
"c:\Users\Zhao Yufeng\Documents\VSCode\problems\leetcode\ms1716.cpp", "C++", 14, 0, 0, 0, 0, 0, 0, 0, 0, 0, 0, 0, 0, 0, 2, 16
"c:\Users\Zhao Yufeng\Documents\VSCode\problems\leetcode\ms1719.cpp", "C++", 15, 0, 0, 0, 0, 0, 0, 0, 0, 0, 0, 0, 0, 0, 1, 16
"c:\Users\Zhao Yufeng\Documents\VSCode\problems\leetcode\ms22.cpp", "C++", 28, 0, 0, 0, 0, 0, 0, 0, 0, 0, 0, 0, 0, 0, 3, 31
"c:\Users\Zhao Yufeng\Documents\VSCode\problems\leetcode\ms47.cpp", "C++", 22, 0, 0, 0, 0, 0, 0, 0, 0, 0, 0, 0, 0, 0, 1, 23
"c:\Users\Zhao Yufeng\Documents\VSCode\problems\leetcode\ms50.cpp", "C++", 13, 0, 0, 0, 0, 0, 0, 0, 0, 0, 0, 0, 0, 0, 1, 14
"c:\Users\Zhao Yufeng\Documents\VSCode\problems\leetcode\ms56.cpp", "C++", 18, 0, 0, 0, 0, 0, 0, 0, 0, 0, 0, 0, 0, 8, 2, 28
"c:\Users\Zhao Yufeng\Documents\VSCode\problems\leetcode\offer11.py", "Python", 0, 0, 0, 0, 0, 12, 0, 0, 0, 0, 0, 0, 0, 0, 0, 12
"c:\Users\Zhao Yufeng\Documents\VSCode\problems\leetcode\offer24.cpp", "C++", 21, 0, 0, 0, 0, 0, 0, 0, 0, 0, 0, 0, 0, 0, 2, 23
"c:\Users\Zhao Yufeng\Documents\VSCode\problems\leetcode\offer24.py", "Python", 0, 0, 0, 0, 0, 17, 0, 0, 0, 0, 0, 0, 0, 0, 1, 18
"c:\Users\Zhao Yufeng\Documents\VSCode\problems\leetcode\offer32i.cpp", "C++", 28, 0, 0, 0, 0, 0, 0, 0, 0, 0, 0, 0, 0, 0, 2, 30
"c:\Users\Zhao Yufeng\Documents\VSCode\problems\leetcode\offer42.py", "Python", 0, 0, 0, 0, 0, 10, 0, 0, 0, 0, 0, 0, 0, 0, 0, 10
"c:\Users\Zhao Yufeng\Documents\VSCode\problems\leetcode\wc\186\5392.cpp", "C++", 21, 0, 0, 0, 0, 0, 0, 0, 0, 0, 0, 0, 0, 8, 1, 30
"c:\Users\Zhao Yufeng\Documents\VSCode\problems\leetcode\wc\186\5393.cpp", "C++", 29, 0, 0, 0, 0, 0, 0, 0, 0, 0, 0, 0, 0, 22, 3, 54
"c:\Users\Zhao Yufeng\Documents\VSCode\problems\leetcode\wc\186\5394.cpp", "C++", 31, 0, 0, 0, 0, 0, 0, 0, 0, 0, 0, 0, 0, 8, 1, 40
"c:\Users\Zhao Yufeng\Documents\VSCode\problems\leetcode\wc\186\5395undone.cpp", "C++", 0, 0, 0, 0, 0, 0, 0, 0, 0, 0, 0, 0, 0, 8, 1, 9
"c:\Users\Zhao Yufeng\Documents\VSCode\problems\leetcode\wc\187\1.cpp", "C++", 22, 0, 0, 0, 0, 0, 0, 0, 0, 0, 0, 0, 0, 0, 2, 24
"c:\Users\Zhao Yufeng\Documents\VSCode\problems\leetcode\wc\187\2.cpp", "C++", 26, 0, 0, 0, 0, 0, 0, 0, 0, 0, 0, 0, 0, 0, 3, 29
"c:\Users\Zhao Yufeng\Documents\VSCode\problems\leetcode\wc\187\3.cpp", "C++", 38, 0, 0, 0, 0, 0, 0, 0, 0, 0, 0, 0, 0, 0, 3, 41
"c:\Users\Zhao Yufeng\Documents\VSCode\problems\leetcode\wc\187\4.cpp", "C++", 19, 0, 0, 0, 0, 0, 0, 0, 0, 0, 0, 0, 0, 0, 2, 21
"c:\Users\Zhao Yufeng\Documents\VSCode\problems\leetcode\wc\188\1.cpp", "C++", 26, 0, 0, 0, 0, 0, 0, 0, 0, 0, 0, 0, 0, 0, 2, 28
"c:\Users\Zhao Yufeng\Documents\VSCode\problems\leetcode\wc\188\2.cpp", "C++", 36, 0, 0, 0, 0, 0, 0, 0, 0, 0, 0, 0, 0, 0, 3, 39
"c:\Users\Zhao Yufeng\Documents\VSCode\problems\leetcode\wc\188\3.cpp", "C++", 27, 0, 0, 0, 0, 0, 0, 0, 0, 0, 0, 0, 0, 0, 5, 32
"c:\Users\Zhao Yufeng\Documents\VSCode\problems\leetcode\wc\188\4.cpp", "C++", 60, 0, 0, 0, 0, 0, 0, 0, 0, 0, 0, 0, 0, 0, 5, 65
"c:\Users\Zhao Yufeng\Documents\VSCode\problems\leetcode\wc\189\1.cpp", "C++", 12, 0, 0, 0, 0, 0, 0, 0, 0, 0, 0, 0, 0, 0, 1, 13
"c:\Users\Zhao Yufeng\Documents\VSCode\problems\leetcode\wc\189\2.cpp", "C++", 33, 0, 0, 0, 0, 0, 0, 0, 0, 0, 0, 0, 0, 0, 2, 35
"c:\Users\Zhao Yufeng\Documents\VSCode\problems\leetcode\wc\189\3.cpp", "C++", 35, 0, 0, 0, 0, 0, 0, 0, 0, 0, 0, 0, 0, 0, 1, 36
"c:\Users\Zhao Yufeng\Documents\VSCode\problems\leetcode\wc\189\3re.cpp", "C++", 29, 0, 0, 0, 0, 0, 0, 0, 0, 0, 0, 0, 0, 0, 1, 30
"c:\Users\Zhao Yufeng\Documents\VSCode\problems\leetcode\wc\189\4.cpp", "C++", 45, 0, 0, 0, 0, 0, 0, 0, 0, 0, 0, 0, 0, 0, 2, 47
"c:\Users\Zhao Yufeng\Documents\VSCode\problems\leetcode\wc\190\1.cpp", "C++", 27, 0, 0, 0, 0, 0, 0, 0, 0, 0, 0, 0, 0, 0, 1, 28
"c:\Users\Zhao Yufeng\Documents\VSCode\problems\leetcode\wc\190\2.cpp", "C++", 19, 0, 0, 0, 0, 0, 0, 0, 0, 0, 0, 0, 0, 0, 1, 20
"c:\Users\Zhao Yufeng\Documents\VSCode\problems\leetcode\wc\190\3.cpp", "C++", 34, 0, 0, 0, 0, 0, 0, 0, 0, 0, 0, 0, 0, 0, 2, 36
"c:\Users\Zhao Yufeng\Documents\VSCode\problems\leetcode\wc\190\4.cpp", "C++", 49, 0, 0, 0, 0, 0, 0, 0, 0, 0, 0, 0, 0, 0, 4, 53
"c:\Users\Zhao Yufeng\Documents\VSCode\problems\leetcode\wc\191\1.cpp", "C++", 14, 0, 0, 0, 0, 0, 0, 0, 0, 0, 0, 0, 0, 0, 1, 15
"c:\Users\Zhao Yufeng\Documents\VSCode\problems\leetcode\wc\191\2.cpp", "C++", 29, 0, 0, 0, 0, 0, 0, 0, 0, 0, 0, 0, 0, 0, 3, 32
"c:\Users\Zhao Yufeng\Documents\VSCode\problems\leetcode\wc\191\3.cpp", "C++", 31, 0, 0, 0, 0, 0, 0, 0, 0, 0, 0, 0, 0, 0, 1, 32
"c:\Users\Zhao Yufeng\Documents\VSCode\problems\leetcode\wc\191\3re.cpp", "C++", 18, 0, 0, 0, 0, 0, 0, 0, 0, 0, 0, 0, 0, 0, 2, 20
"c:\Users\Zhao Yufeng\Documents\VSCode\problems\leetcode\wc\191\4.cpp", "C++", 7, 0, 0, 0, 0, 0, 0, 0, 0, 0, 0, 0, 0, 0, 2, 9
"c:\Users\Zhao Yufeng\Documents\VSCode\problems\leetcode\wc\dw26\1.cpp", "C++", 18, 0, 0, 0, 0, 0, 0, 0, 0, 0, 0, 0, 0, 0, 1, 19
"c:\Users\Zhao Yufeng\Documents\VSCode\problems\leetcode\wc\dw26\2.cpp", "C++", 29, 0, 0, 0, 0, 0, 0, 0, 0, 0, 0, 0, 0, 0, 1, 30
"c:\Users\Zhao Yufeng\Documents\VSCode\problems\leetcode\wc\dw26\3.cpp", "C++", 27, 0, 0, 0, 0, 0, 0, 0, 0, 0, 0, 0, 0, 0, 2, 29
"c:\Users\Zhao Yufeng\Documents\VSCode\problems\leetcode\wc\dw26\4tle.cpp", "C++", 62, 0, 0, 0, 0, 0, 0, 0, 0, 0, 0, 0, 0, 0, 4, 66
"c:\Users\Zhao Yufeng\Documents\VSCode\problems\leetcode\wc\dw27\1.cpp", "C++", 15, 0, 0, 0, 0, 0, 0, 0, 0, 0, 0, 0, 0, 0, 1, 16
"c:\Users\Zhao Yufeng\Documents\VSCode\problems\leetcode\wc\dw27\2.cpp", "C++", 27, 0, 0, 0, 0, 0, 0, 0, 0, 0, 0, 0, 0, 0, 1, 28
"c:\Users\Zhao Yufeng\Documents\VSCode\problems\leetcode\wc\dw27\3.cpp", "C++", 35, 0, 0, 0, 0, 0, 0, 0, 0, 0, 0, 0, 0, 0, 3, 38
"c:\Users\Zhao Yufeng\Documents\VSCode\problems\leetcode\wc\dw27\3re.cpp", "C++", 9, 0, 0, 0, 0, 0, 0, 0, 0, 0, 0, 0, 0, 0, 4, 13
"c:\Users\Zhao Yufeng\Documents\VSCode\problems\leetcode\wc\dw27\4.cpp", "C++", 7, 0, 0, 0, 0, 0, 0, 0, 0, 0, 0, 0, 0, 0, 2, 9
"c:\Users\Zhao Yufeng\Documents\VSCode\problems\luogu\P1010.c", "C", 0, 0, 0, 0, 0, 0, 0, 0, 40, 0, 0, 0, 0, 0, 4, 44
"c:\Users\Zhao Yufeng\Documents\VSCode\problems\luogu\P1025.c", "C", 0, 0, 0, 0, 0, 0, 0, 0, 27, 0, 0, 0, 0, 19, 4, 50
"c:\Users\Zhao Yufeng\Documents\VSCode\problems\luogu\P1057.c", "C", 0, 0, 0, 0, 0, 0, 0, 0, 79, 0, 0, 0, 0, 0, 4, 83
"Total", "-", 15042, 592, 5, 197, 161, 688, 112, 6, 442, 1, 10, 1, 3, 625, 1592, 19477